Feature,Importance
ChestPain,0.16731578235304742
MaxHRAchieved,0.1262686058123784
Exercise_Induced_ST_Depression,0.10609324711268607
Cholesterol,0.10240126064150026
Age,0.10055610300147266
RestingBP,0.07826221484252747
Exercise-InducedAngina,0.07764969116057997
NumMajorVessels,0.07741255721256535
Gender,0.03500511830921166
RestingECGResults,0.026026473167976398
SlopeofPeakExercise,0.022808875501868893
FastingBloodSugar,0.015894862026992248
